{
  "dataset": "context-core",
  "scenarios": 43,
  "raw_mean_tokens": 238.62790697674419,
  "legacy": {
    "mean_tokens": 248,
    "reduction_pct": -3.92749244712991,
    "median_fidelity": 0.0,
    "hard_gate_fails": 31,
    "p50_ms": 0.6245840340852737
  },
  "adaptive": {
    "mean_tokens": 268.93023255813955,
    "reduction_pct": -12.698567391092494,
    "median_fidelity": 0.0,
    "hard_gate_fails": 31,
    "p50_ms": 0.7174580823630095,
    "strategies": {
      "passthrough": 43
    }
  }
}